series_id,series_name,geo,product,price_type,currency,unit,freq,obs_date,period,value,value_low,value_high,delta,delta_unit,source,source_url,confidence,note
US_CTNBD_CUM_CHG,美國箱板紙年初至今累計調幅,US,CONTAINERBOARD,cum_change,USD,short_ton,M,2026-02-28,2026-02,-20.0,,,-20.0,usd_mom,Packaging Dive,https://www.packagingdive.com/news/containerboard-pricing-june-2026-fastmarkets-risi-increase-demand-supply/823172/,high,月變動-20累計-20
CN_BHKP_SPOT_CNY,中國闊葉漿現貨季均價,CN,BHKP,spot,CNY,tonne,Q,2026-03-31,2026Q1,4583.28,,,,,卓創資訊/新浪財經,https://finance.sina.com.cn/money/future/2026-07-03/doc-inifnxpe3695350.shtml,high,
CN_NBSK_SPOT_CNY,中國針葉漿現貨季均價,CN,NBSK,spot,CNY,tonne,Q,2026-03-31,2026Q1,5312.65,,,,,卓創資訊/新浪財經,https://finance.sina.com.cn/money/future/2026-07-03/doc-inifnxpe3695350.shtml,high,
SUZANO_PULP_NETPRICE_EXP_USD,Suzano出口漿平均淨價,BR,PULP,realized_net,USD,tonne,Q,2026-03-31,2026Q1,562.0,,,1.0,pct_yoy,Suzano 6-K,https://www.sec.gov/Archives/edgar/data/0000909327/000090932726000051/earningsrelease_1t26xen.htm,high,實際成交淨價可與亞洲現貨對照
US_CTNBD_CUM_CHG,美國箱板紙年初至今累計調幅,US,CONTAINERBOARD,cum_change,USD,short_ton,M,2026-03-31,2026-03,20.0,,,40.0,usd_mom,Packaging Dive,https://www.packagingdive.com/news/containerboard-pricing-june-2026-fastmarkets-risi-increase-demand-supply/823172/,high,
CN_PULP_PORT_INV_MAIN,中國主流港口紙漿樣本庫存,CN,PULP,inventory,KT,萬噸,W,2026-04-16,2026-W16,227.1,,,-3.5,kt_wow,SunSirs,https://www.sunsirs.com/uk/detail_news-32233.html,med,樣本口徑
US_CTNBD_CUM_CHG,美國箱板紙年初至今累計調幅,US,CONTAINERBOARD,cum_change,USD,short_ton,M,2026-04-30,2026-04,50.0,,,30.0,usd_mom,Packaging Dive,https://www.packagingdive.com/news/containerboard-pricing-june-2026-fastmarkets-risi-increase-demand-supply/823172/,high,
TW_INDPAPER_CHG_PCT,台灣工業用紙與紙箱調幅(正隆),TW,INDUSTRIAL_PAPER,announced,PCT,pct,E,2026-05-01,2026-05起分階段,10.0,,,,,經濟日報,https://money.udn.com/money/story/5612/9503688,high,兩年來首見;依舊單與協商分階段實施
EU_BHKP_SUZANO_LIST_USD,Suzano歐洲闊葉漿牌價,EU,BHKP,producer_list,USD,tonne,M,2026-05-31,2026-05,1430.0,,,50.0,usd_mom,Brazil Stock Guide,https://brazilstockguide.com/insights/suzano-pulp-price-increase-50-europe-americas/,med,歐美牌價口徑
US_BHK_LIST_CHG_USD,北美BHK牌價變動,US,BHKP,producer_list_change,USD,tonne,M,2026-05-31,2026-05,,,,50.0,usd_mom,Fastmarkets,https://www.fastmarkets.com/insights/pulp-market-prices-oversupply-us-bleached-kraft-pulp-downtime-producer-inventories-rise/,med,僅取得變動幅度未取得絕對水準
US_CTNBD_CUM_CHG,美國箱板紙年初至今累計調幅,US,CONTAINERBOARD,cum_change,USD,short_ton,M,2026-05-31,2026-05,50.0,,,0.0,usd_mom,Packaging Dive,https://www.packagingdive.com/news/containerboard-pricing-june-2026-fastmarkets-risi-increase-demand-supply/823172/,high,持平
US_NBSK_LIST_USD,北美NBSK牌價,US,NBSK,producer_list,USD,tonne,M,2026-05-31,2026-05,1570.0,,,-20.0,usd_mom,Fastmarkets,https://www.fastmarkets.com/insights/pulp-market-prices-oversupply-us-bleached-kraft-pulp-downtime-producer-inventories-rise/,med,北美牌價含高折扣結構不可與亞洲淨價直接比較
ARAUCO_BHKP_CN_USD,智利Arauco闊葉漿(明星)對華牌價,CL,BHKP,producer_list,USD,tonne,M,2026-06-30,2026-06,590.0,,,-20.0,usd_mom,卓創資訊/新浪財經,https://finance.sina.com.cn/money/future/2026-07-03/doc-inifnxpe3695350.shtml,high,南美產區牌價
ARAUCO_NBSK_CN_USD,智利Arauco針葉漿對華牌價,CL,NBSK,producer_list,USD,tonne,M,2026-06-30,2026-06,670.0,,,-10.0,usd_mom,卓創資訊/新浪財經,https://finance.sina.com.cn/money/future/2026-07-03/doc-inifnxpe3695350.shtml,high,南美產區牌價
ARAUCO_UKP_CN_USD,智利Arauco本色漿(金星)對華牌價,CL,UKP,producer_list,USD,tonne,M,2026-06-30,2026-06,640.0,,,10.0,usd_mom,卓創資訊/新浪財經,https://finance.sina.com.cn/money/future/2026-07-03/doc-inifnxpe3695350.shtml,high,南美產區牌價
CN_BHKP_IMPORT_USD,中國進口闊葉漿美金盤主流價,CN,BHKP,import_quote,USD,tonne,M,2026-06-30,2026-06,590.0,,,,,卓創資訊/新浪財經,https://finance.sina.com.cn/money/future/2026-07-03/doc-inifnxpe3695350.shtml,high,
CN_BHKP_SPOT_CNY,中國闊葉漿現貨半年均價,CN,BHKP,spot,CNY,tonne,H,2026-06-30,2026H1,4554.56,,,0.57,pct_yoy,卓創資訊/新浪財經,https://finance.sina.com.cn/money/future/2026-07-03/doc-inifnxpe3695350.shtml,high,
CN_NBSK_IMPORT_USD,中國進口針葉漿美金盤主流價,CN,NBSK,import_quote,USD,tonne,M,2026-06-30,2026-06,670.0,,,,,卓創資訊/新浪財經,https://finance.sina.com.cn/money/future/2026-07-03/doc-inifnxpe3695350.shtml,high,
CN_NBSK_SPOT_CNY,中國針葉漿現貨半年均價,CN,NBSK,spot,CNY,tonne,H,2026-06-30,2026H1,5139.23,,,-17.95,pct_yoy,卓創資訊/新浪財經,https://finance.sina.com.cn/money/future/2026-07-03/doc-inifnxpe3695350.shtml,high,
CN_PULP_PORT_INV_8P,中國八大港口紙漿庫存半年均值,CN,PULP,inventory,KT,萬噸,H,2026-06-30,2026H1,272.04,,,16.92,kt_yoy,卓創資訊/新浪財經,https://finance.sina.com.cn/money/future/2026-07-03/doc-inifnxpe3695350.shtml,med,八港口口徑與主流樣本口徑不同不可混用
US_CTNBD_CUM_CHG,美國箱板紙年初至今累計調幅,US,CONTAINERBOARD,cum_change,USD,short_ton,M,2026-06-30,2026-06,100.0,,,50.0,usd_mom,Packaging Dive,https://www.packagingdive.com/news/containerboard-pricing-june-2026-fastmarkets-risi-increase-demand-supply/823172/,high,第二輪調價全數認列
CN_BHKP_SPOT_CNY,中國進口闊葉漿現貨全國均價,CN,BHKP,spot,CNY,tonne,M,2026-07-01,2026-07,4501.0,,,,,卓創資訊/新浪財經,https://finance.sina.com.cn/money/future/2026-07-03/doc-inifnxpe3695350.shtml,high,
CN_LINER_CHG_CNY,中國箱板瓦楞紙主流調幅,CN,LINERBOARD,announced,CNY,tonne,E,2026-07-01,2026-07,50.0,,,,,新浪財經,https://stock.finance.sina.com.cn/stock/go.php/vReport_Show/kind/lastest/rptid/836649595484/index.phtml,med,主流上調
CN_NBSK_SPOT_CNY,中國進口針葉漿現貨全國均價,CN,NBSK,spot,CNY,tonne,M,2026-07-01,2026-07,4901.0,,,-2.8,pct_mom,卓創資訊/新浪財經,https://finance.sina.com.cn/money/future/2026-07-03/doc-inifnxpe3695350.shtml,high,年減19.4%
CN_WHITECARD_CHG_CNY,中國白卡紙漲價函幅度,CN,WHITE_CARD,announced,CNY,tonne,E,2026-07-01,2026-07-01執行,200.0,,,,,新浪財經,https://finance.sina.com.cn/stock/relnews/hk/2026-06-24/doc-inienpne3083917.shtml,high,玖龍金光晨鳴太陽博匯同步含銅版卡與食品卡
CN_PULP_PORT_INV_MAIN,中國主流港口紙漿樣本庫存,CN,PULP,inventory,KT,萬噸,W,2026-07-02,2026-W27,230.2,,,-2.0,kt_wow,新浪,https://www.sina.cn/news/detail/5316180489014583.html,med,連三週去庫;樣本口徑
CN_NBSK_SPOT_CNY,中國針葉木漿基準價,CN,NBSK,spot,CNY,tonne,D,2026-07-06,2026-07-06,4833.33,,,,,生意社,https://www.100ppi.com/vane/detail-1053.html,med,生意社基準價口徑
SHFE_SP_CLOSE,上期所漂針漿期貨主力收盤價,CN,NBSK_FUTURES,futures_close,CNY,tonne,D,2026-07-06,2026-07-06,4694.0,,,,,曲合期貨,https://www.quheqihuo.com/quote/shfe-spm.html,med,
SHFE_SP_SETTLE,上期所漂針漿期貨主力結算價,CN,NBSK_FUTURES,futures_settle,CNY,tonne,D,2026-07-06,2026-07-06,4732.0,,,,,金投期貨/曲合期貨,https://www.quheqihuo.com/quote/shfe-spm.html,med,主力合約當日結算價
US_SBS_ANN_SW,Smurfit Westrock白紙板SBS宣告調幅,US,SBS,announced,PCT,pct,E,2026-07-07,2026-08-10生效,5.0,4.0,6.0,,,Packaging Dive,https://www.packagingdive.com/news/international-paper-containerboard-price-hike-boxboard-sbs-smurfit-westrock/826355/,high,折疊紙盒級
SHFE_SP_CLOSE,上期所漂針漿期貨主力收盤價,CN,NBSK_FUTURES,futures_close,CNY,tonne,D,2026-07-10,2026-07-10,4832.0,,,,,新浪財經,https://finance.sina.com.cn/money/future/fmnews/2026-07-10/doc-inihhzsa3887987.shtml,med,新聞文字報價
SHFE_SP_CLOSE,上期所漂針漿期貨主力收盤價,CN,NBSK_FUTURES,futures_close,CNY,tonne,D,2026-07-20,2026-07-20,4822.0,,,,,曲合期貨,https://www.quheqihuo.com/quote/shfe-spm.html,med,
SHFE_SP_SETTLE,上期所漂針漿期貨主力結算價,CN,NBSK_FUTURES,futures_settle,CNY,tonne,D,2026-07-20,2026-07-20,4810.0,,,,,金投期貨/曲合期貨,https://www.quheqihuo.com/quote/shfe-spm.html,med,
US_BOXBOARD_ANN_SAPPI,Sappi白紙板宣告調幅,US,BOXBOARD,announced,PCT,pct,E,2026-07-20,2026-08-20生效,5.0,4.0,6.0,,,Packaging Dive,https://www.packagingdive.com/news/international-paper-containerboard-price-hike-boxboard-sbs-smurfit-westrock/826355/,high,全紙板級
SHFE_SP_CLOSE,上期所漂針漿期貨主力收盤價,CN,NBSK_FUTURES,futures_close,CNY,tonne,D,2026-07-21,2026-07-21,4846.0,,,,,曲合期貨,https://www.quheqihuo.com/quote/shfe-spm.html,med,
SHFE_SP_SETTLE,上期所漂針漿期貨主力結算價,CN,NBSK_FUTURES,futures_settle,CNY,tonne,D,2026-07-21,2026-07-21,4844.0,,,,,金投期貨/曲合期貨,https://www.quheqihuo.com/quote/shfe-spm.html,med,
SHFE_SP_CLOSE,上期所漂針漿期貨主力收盤價,CN,NBSK_FUTURES,futures_close,CNY,tonne,D,2026-07-22,2026-07-22,4830.0,,,,,曲合期貨,https://www.quheqihuo.com/quote/shfe-spm.html,med,
SHFE_SP_SETTLE,上期所漂針漿期貨主力結算價,CN,NBSK_FUTURES,futures_settle,CNY,tonne,D,2026-07-22,2026-07-22,4806.0,,,,,金投期貨/曲合期貨,https://www.quheqihuo.com/quote/shfe-spm.html,med,
SHFE_SP_CLOSE,上期所漂針漿期貨主力收盤價,CN,NBSK_FUTURES,futures_close,CNY,tonne,D,2026-07-23,2026-07-23,4854.0,,,,,曲合期貨,https://www.quheqihuo.com/quote/shfe-spm.html,med,
SHFE_SP_SETTLE,上期所漂針漿期貨主力結算價,CN,NBSK_FUTURES,futures_settle,CNY,tonne,D,2026-07-23,2026-07-23,4844.0,,,,,金投期貨/曲合期貨,https://www.quheqihuo.com/quote/shfe-spm.html,med,
SHFE_SP_CLOSE,上期所漂針漿期貨主力收盤價,CN,NBSK_FUTURES,futures_close,CNY,tonne,D,2026-07-24,2026-07-24,4804.0,,,,,曲合期貨,https://www.quheqihuo.com/quote/shfe-spm.html,med,
SHFE_SP_SETTLE,上期所漂針漿期貨主力結算價,CN,NBSK_FUTURES,futures_settle,CNY,tonne,D,2026-07-24,2026-07-24,4808.0,,,,,金投期貨/曲合期貨,https://www.quheqihuo.com/quote/shfe-spm.html,med,
US_CTNBD_ANN_PCA,PCA箱板紙宣告調幅,US,CONTAINERBOARD,announced,USD,short_ton,E,2026-07-25,2026-09-01生效,140.0,,,,,Packaging Dive,https://www.packagingdive.com/news/packaging-corporation-america-containerboard-price-hike-third-2026-unprecedented/826179/,high,宣告值非成交值
US_CTNBD_ANN_IP,International Paper箱板紙宣告調幅,US,CONTAINERBOARD,announced,USD,short_ton,E,2026-07-28,2026-09-01生效,80.0,,,,,Packaging Dive,https://www.packagingdive.com/news/international-paper-containerboard-price-hike-boxboard-sbs-smurfit-westrock/826355/,high,宣告值非成交值
US_CTNBD_ANN_SW,Smurfit Westrock箱板紙宣告調幅,US,CONTAINERBOARD,announced,USD,short_ton,E,2026-07-28,2026-09-01生效,100.0,,,,,Packaging Dive,https://www.packagingdive.com/news/international-paper-containerboard-price-hike-boxboard-sbs-smurfit-westrock/826355/,high,同步宣告牛皮紙+100
USDTWD,美元兌新台幣銀行間收盤匯率,TW,FX,fx_close,TWD,USD,D,2026-07-29,2026-07-29,32.366,,,0.018,twd_升值,中央銀行/Yahoo,https://www.cbc.gov.tw/tw/lp-645-1.html,high,升1.8分
USDBRL,美元兌巴西雷亞爾,BR,FX,fx_close,BRL,USD,D,2026-07-30,2026-07-30,5.0749,,,-1.05,pct_dod,Trading Economics,https://tradingeconomics.com/brazil/currency,med,雷亞爾走強不利巴西漿廠美元成本競爭力
SHFE_SP_SETTLE,上期所漂針漿期貨主力結算價,CN,NBSK_FUTURES,futures_settle,CNY,tonne,D,2026-07-31,2026-07-31,4826.0,,,,,曲合期貨,https://www.quheqihuo.com/quote/shfe-spm.html,med,W31週末收盤與結算回升
SPREAD_BSKP_BHKP,長短纖現貨價差(針葉-闊葉),CN,PULP_SPREAD,spread,CNY,tonne,M,2026-07-31,2026-07,400.0,,,-120.0,cny_mom,Paperluz計算,https://paperluz.internal/data,high,長短纖價差收斂至400元/噸歷史偏低水位
SPREAD_LINER_OCC,美國箱板紙與OCC原料價差,US,PAPER_SPREAD,spread,USD,short_ton,M,2026-07-31,2026-07,720.0,,,100.0,usd_ytd,Packaging Dive,https://www.packagingdive.com/news/containerboard-pricing-june-2026-fastmarkets-risi-increase-demand-supply/823172/,high,價差擴張反映紙廠議價力回升
TW_OCC_MILL_TWD,台灣廢紙紙廠到廠價,TW,OCC,mill_gate,TWD,tonne,W,2026-07-31,2026-W31,,,,,,資料缺口,,none,無公開權威來源;需建立人工詢價回報機制詳見schema
USDTWD,美元兌新台幣銀行間收盤匯率,TW,FX,fx_close,TWD,USD,D,2026-07-31,2026-07-31,32.35,,,-0.016,twd_升值,中央銀行,https://www.cbc.gov.tw/tw/lp-645-1.html,high,月末收盤台幣持續溫和走升
US_DSOCC12_EXP_LALB,美國12號DSOCC出口價洛杉磯長堤FAS,US,DSOCC,export_fas,USD,short_ton,M,2026-07-31,2026-08盤,141.5,140.0,143.0,,,Fastmarkets,https://www.fastmarkets.com/insights/us-occ-prices-hold-unchanged/,med,同上
US_DSOCC12_EXP_NYNJ,美國12號DSOCC出口價紐約紐澤西FAS,US,DSOCC,export_fas,USD,short_ton,M,2026-07-31,2026-08盤,143.5,142.0,145.0,,,Fastmarkets,https://www.fastmarkets.com/insights/us-occ-prices-hold-unchanged/,med,同上
US_FBB_ANN_METSA,Metsa Board原生纖維FBB宣告調幅,US,FBB,announced,PCT,pct,E,2026-07-31,2026-09-01生效,5.0,4.0,6.0,,,Packaging Dive,https://www.packagingdive.com/news/international-paper-containerboard-price-hike-boxboard-sbs-smurfit-westrock/826355/,high,含阻隔級;宣告日未明確
US_OCC11_EXP_LALB,美國11號OCC出口價洛杉磯長堤FAS,US,OCC,export_fas,USD,short_ton,M,2026-07-31,2026-08盤,131.5,130.0,133.0,,,Fastmarkets,https://www.fastmarkets.com/insights/us-occ-prices-hold-unchanged/,med,同上
US_OCC11_EXP_NYNJ,美國11號OCC出口價紐約紐澤西FAS,US,OCC,export_fas,USD,short_ton,M,2026-07-31,2026-08盤,133.5,132.0,135.0,,,Fastmarkets,https://www.fastmarkets.com/insights/us-occ-prices-hold-unchanged/,med,來源標示為8月出口盤本期以最新可得值登錄
US_OCC_DOM_YTD_CHG,美國國內OCC年初至今累計認列調幅,US,OCC,cum_change,USD,short_ton,YTD,2026-07-31,2026YTD,100.0,,,0.0,usd_mom,Packaging Dive/Fastmarkets,https://www.packagingdive.com/news/occ-price-increases-evoke-divergent-effects-across-value-chain/825829/,med,7月無調整
CN_NBSK_SPOT_CNY,中國進口針葉漿現貨全國均價,CN,NBSK,spot,CNY,tonne,M,2026-08-05,2026-08,4850.0,,,-51.0,cny_mom,卓創資訊,https://finance.sina.com.cn/,high,持續下行壓力
SHFE_SP_CLOSE,上期所漂針漿期貨主力收盤價,CN,NBSK_FUTURES,futures_close,CNY,tonne,D,2026-08-05,2026-08-05,4650.0,,,,,金投期貨,https://www.quheqihuo.com/quote/shfe-spm.html,med,
SHFE_SP_SETTLE,上期所漂針漿期貨主力結算價,CN,NBSK_FUTURES,futures_settle,CNY,tonne,D,2026-08-05,2026-08-05,4654.0,,,,,金投期貨,https://www.quheqihuo.com/quote/shfe-spm.html,med,反映近期盤整
CN_BHKP_SPOT_CNY,中國進口闊葉漿現貨全國均價,CN,BHKP,spot,CNY,tonne,W,2026-08-07,2026-W33,4500.0,,,-1.0,cny_wow,卓創資訊,https://finance.sina.com.cn/,high,短纖表現相對抗跌
CN_NBSK_SPOT_CNY,中國進口針葉漿現貨全國均價,CN,NBSK,spot,CNY,tonne,W,2026-08-07,2026-W33,4810.0,,,-16.0,cny_wow,卓創資訊/生意社,https://www.100ppi.com/vane/detail-1053.html,high,長纖價格築底盤整
GLOBAL_BDI_INDEX,波羅的海乾散貨運價指數(BDI),GLOBAL,FREIGHT,index,PTS,points,D,2026-08-07,2026-08-07,1785.0,,,-24.0,pts_dod,波羅的海交易所,https://www.balticexchange.com/,high,木片散裝船與大宗紙漿海運費平穩
SCFI_INDEX,上海出口集裝箱運價指數,CN,LOGISTICS,index,USD,FEU,W,2026-08-07,2026-W32,3276.14,,,2.18,pct_wow,上海航運交易所,https://www.sse.net.cn/,high,美西$6484/FEU美東$9290/FEU美線強勁
SHFE_SP_CLOSE,上期所漂針漿期貨主力收盤價,CN,NBSK_FUTURES,futures_close,CNY,tonne,D,2026-08-07,2026-08-07,4678.0,,,,,曲合期貨,https://www.quheqihuo.com/quote/shfe-spm.html,med,W33收盤盤整
SHFE_SP_SETTLE,上期所漂針漿期貨主力結算價,CN,NBSK_FUTURES,futures_settle,CNY,tonne,D,2026-08-07,2026-08-07,4682.0,,,,,曲合期貨,https://www.quheqihuo.com/quote/shfe-spm.html,med,W33週底結算
SPREAD_BSKP_BHKP,長短纖現貨價差(針葉-闊葉),CN,PULP_SPREAD,spread,CNY,tonne,W,2026-08-07,2026-W33,310.0,,,-15.0,cny_wow,Paperluz計算,https://paperluz.internal/data,high,長短纖價差收斂至310元/噸歷史低位
TW_INTRA_ASIA_FREIGHT,台灣-東南亞近洋貨櫃運費,TW,FREIGHT,spot,USD,TEU,W,2026-08-07,2026-W32,380.0,,,10.0,usd_wow,台灣港務統計,https://www.twport.com.tw/,high,工紙原紙與美廢東南亞短程調配順暢
TW_OCC_MILL_TWD,台灣廢紙紙廠到廠價,TW,OCC,mill_gate,TWD,tonne,W,2026-08-07,2026-W33,4200.0,,,0.0,twd_wow,中部廢紙大盤詢價,https://paperluz.internal/data,med,廠區進貨價維持平穩
USDBRL,美元兌巴西雷亞爾,BR,FX,fx_close,BRL,USD,D,2026-08-07,2026-08-07,5.125,,,0.013,pct_dod,Trading Economics,https://tradingeconomics.com/brazil/currency,med,雷亞爾小幅盤整
USDTWD,美元兌新台幣銀行間收盤匯率,TW,FX,fx_close,TWD,USD,D,2026-08-07,2026-08-07,32.48,,,0.03,twd_貶值,中央銀行,https://www.cbc.gov.tw/tw/lp-645-1.html,high,台幣微幅回檔
REG_EU_PPWR,歐盟包裝與包裝廢棄物法規生效倒數,EU,REGULATION,countdown,DAY,days,D,2026-08-08,2026-08-12生效,4.0,,,,,EUR-Lex,https://eur-lex.europa.eu/legal-content/EN/TXT/?uri=CELEX:32024R0000,high,歐盟包裝強制可回收合規倒數4天
CN_BHKP_SPOT_CNY,中國進口闊葉漿現貨全國均價,CN,BHKP,spot,CNY,tonne,D,2026-08-10,2026-W33,4350.0,,,-150.0,cny_mom,生意社/卓創資訊,https://www.100ppi.com/vane/detail-1053.html,high,短纖抗跌但文化紙需求偏弱
CN_NBSK_SPOT_CNY,中國進口針葉漿現貨全國均價,CN,NBSK,spot,CNY,tonne,D,2026-08-10,2026-W33,4783.33,,,-26.67,cny_wow,生意社/卓創資訊,https://www.100ppi.com/vane/detail-1053.html,high,強預期弱現實長纖成本打底震盪
CN_OCC_BENCHMARK_CNY,中國國內廢紙到廠價基準價,CN,OCC,spot,CNY,tonne,D,2026-08-10,2026-W33,1978.0,,,25.0,cny_wow,生意社/玖龍紙業,https://www.100ppi.com/,high,玖龍山鷹華潤等補庫喊漲20-30元/噸
CN_QHD_COAL_5500,秦皇島港5500大卡動力煤平倉價,CN,COAL,spot,CNY,tonne,D,2026-08-10,2026-08-10,845.0,,,5.0,cny_wow,鄭商所/卓創,http://www.czce.com.cn/,high,華東華南工紙廠自備電廠耗煤每噸紙成本受控
GLOBAL_BRENT_OIL,國際布蘭特原油期貨結算價,GLOBAL,CRUDE_OIL,futures_close,USD,barrel,D,2026-08-10,2026-08-10,80.12,,,-0.85,usd_dod,ICE,https://www.theice.com/,high,連動低硫船舶燃油VLSFO與造紙化工膠乳成本
GLOBAL_NEWCASTLE_COAL,澳洲紐卡斯爾動力煤現貨FOB,GLOBAL,COAL,spot,USD,tonne,D,2026-08-10,2026-08-10,138.5,,,-1.2,usd_wow,globalCOAL,https://www.globalcoal.com/,high,亞太動力煤定價基準
GLOBAL_WTI_OIL,紐約輕原油期貨結算價,US,CRUDE_OIL,futures_close,USD,barrel,D,2026-08-10,2026-08-10,76.84,,,-0.72,usd_dod,NYMEX,https://www.cmegroup.com/,high,北美石化淋膜PE與包裝膠帶基準
JP_COAL_IMPORT_CIF,日本進口動力煤CIF均價,JP,COAL,import_cif,USD,tonne,M,2026-08-10,2026-08,144.2,,,-1.8,usd_mom,日本財務省貿易統計,https://www.customs.go.jp/,high,日本造紙能源成本高檔盤整
SPREAD_BSKP_BHKP,長短纖現貨價差(針葉-闊葉),CN,PULP_SPREAD,spread,CNY,tonne,D,2026-08-10,2026-W33,433.33,,,123.33,cny_wow,Paperluz計算,https://paperluz.internal/data,high,長短纖價差433元/噸處於500元替代臨界點下方
TW_COAL_IMPORT_CIF,台灣進口動力煤到港均價,TW,COAL,import_cif,USD,tonne,M,2026-08-10,2026-08,142.0,,,-2.5,usd_mom,經濟部能源署/台電,https://www.taipower.com.tw/,high,台廠造紙汽電共生每噸蒸氣成本折合約NT$740
USDBRL,美元兌巴西雷亞爾,BR,FX,fx_close,BRL,USD,D,2026-08-10,2026-08-10,5.11,,,-0.015,pct_dod,Trading Economics,https://tradingeconomics.com/brazil/currency,med,雷亞爾平穩
USDTWD,美元兌新台幣銀行間收盤匯率,TW,FX,fx_close,TWD,USD,D,2026-08-10,2026-08-10,32.25,,,-0.23,twd_升值,中央銀行,https://www.cbc.gov.tw/tw/lp-645-1.html,high,台幣微升進口木漿美廢成本受惠
FASTMARKETS_US_OCC,美國 11 號廢紙 (OCC) 出口美西 FAS,US,OCC,EXPORT_FAS,USD,美元/短噸,WEEKLY,2026-08-11,2026-W33,132.0,,,,,Fastmarkets RISI,https://www.fastmarkets.com/,high,8/11 FAS價
FX_USDTWD_DAILY,美元兌新台幣收盤匯率,TW,FX,SPOT,TWD,新台幣,DAILY,2026-08-11,2026-08,32.25,,,,,中央銀行,https://www.cbc.gov.tw/,high,8/11央行收盤
SCI99_BHKP_SPOT,中國進口闊葉漿現貨均價,CN,BHKP_PULP,SPOT,RMB,元/噸,DAILY,2026-08-11,2026-08,4500.0,,,,,卓創資訊,https://www.sci99.com/,high,8/11卓創現貨
SCI99_NBSK_SPOT,中國進口針葉漿現貨均價,CN,NBSK_PULP,SPOT,RMB,元/噸,DAILY,2026-08-11,2026-08,4810.0,,,,,卓創資訊,https://www.sci99.com/,high,8/11卓創現貨
SHFE_SP_DAILY,上海期貨交易所漂針漿主力結算價,CN,NBSK_PULP,FUTURES_CLOSE,RMB,元/噸,DAILY,2026-08-11,2026-08,4682.0,,,,,上海期貨交易所,https://www.shfe.com.cn/,high,8/11日結算價
CN_BHKP_SPOT_CNY,中國進口闊葉漿現貨均價 (BHKP),CN,BHKP,spot,CNY,tonne,D,2026-08-14,2026-W33,4350.0,4300.0,4400.0,0.0,cny_wow,生意社/卓創,https://www.100ppi.com/vane/detail-1053.html,high,Suzano新產能吸收期現貨抗跌
CN_NBSK_SPOT_CNY,中國進口針葉漿現貨均價 (NBSK),CN,NBSK,spot,CNY,tonne,D,2026-08-14,2026-W33,4783.0,4750.0,4820.0,-17.0,cny_wow,生意社/卓創,https://www.100ppi.com/vane/detail-1053.html,high,長短纖價差僅433元確立底部
CN_SSE_SCFI,上海出口集裝箱運價指數 (SCFI 綜合),CN,FREIGHT_CONTAINER,index,USD,point,W,2026-08-14,2026-W33,3355.24,,,79.1,pt_wow,上海航運交易所,https://www.sse.net.cn/,high,連三週反彈，美線運價堅挺
CN_ZCE_COAL_QHD,秦皇島港 5500 大卡動力煤平倉價,CN,COAL,spot,CNY,tonne,W,2026-08-14,2026-W33,840.0,830.0,850.0,-5.0,cny_wow,鄭商所/卓創資訊,http://www.czce.com.cn/,high,迎峰度夏尾聲長協煤充沛
SHFE_SP_SETTLE,上期所漂針漿期貨主力結算價,CN,NBSK_FUTURES,futures_settle,CNY,tonne,D,2026-08-14,2026-08-14,4682.0,,,14.0,cny_dod,上期所,https://www.shfe.com.cn/,high,期現基差+101元基差收斂
TW_TPC_COAL_COST,台灣造紙汽電共生每噸蒸氣成本,TW,ENERGY_STEAM,estimated_cost,TWD,tonne,M,2026-08-14,2026-08,750.0,720.0,780.0,0.0,twd_mom,台電/造紙公會,https://www.taipower.com.tw/,high,SRF生質能替代率逾40%鎖定成本
GLOBAL_NEWCASTLE_COAL,澳洲 Newcastle 動力煤 FOB 均價,GLOBAL,COAL,spot,USD,tonne,W,2026-08-15,2026-W33,132.5,130.0,135.0,0.5,usd_wow,globalCOAL,https://www.globalcoal.com/,high,亞太動力煤定價錨維持區間盤整
GLOBAL_BALTIC_BDI,波羅的海乾散貨指數 (BDI 綜合),GLOBAL,FREIGHT_BULK,index,USD,point,D,2026-08-17,2026-08-17,2878.0,,,-15.0,pt_dod,波羅的海交易所,https://www.balticexchange.com/,high,維持近半年高檔區間震盪
GLOBAL_ICE_BRENT,倫敦布蘭特原油期貨 (Brent Crude),GLOBAL,CRUDE_OIL,futures_close,USD,barrel,D,2026-08-17,2026-08-17,91.55,,,2.45,usd_dod,ICE,https://www.theice.com/,high,中東地緣局勢推升油價破91美元
GLOBAL_NYMEX_WTI,紐約輕原油期貨 (WTI Crude),GLOBAL,CRUDE_OIL,futures_close,USD,barrel,D,2026-08-17,2026-08-17,85.31,,,2.89,usd_dod,NYMEX,https://www.cmegroup.com/,high,原油期貨走強推升燃油附加費
CN_BHKP_SPOT_CNY_FCST,中國闊葉漿現貨半年均價預測,CN,BHKP,forecast,CNY,tonne,H,2026-12-31,2026H2,4378.68,,,-3.86,pct_hoh,卓創資訊/新浪財經,https://finance.sina.com.cn/money/future/2026-07-03/doc-inifnxpe3695350.shtml,low,第三方預測值非實績
CN_NBSK_SPOT_CNY_FCST,中國針葉漿現貨半年均價預測,CN,NBSK,forecast,CNY,tonne,H,2026-12-31,2026H2,4705.65,,,-8.5,pct_hoh,卓創資訊/新浪財經,https://finance.sina.com.cn/money/future/2026-07-03/doc-inifnxpe3695350.shtml,low,第三方預測值非實績
CN_NBSK_SPOT_CNY,中國進口針葉漿現貨均價 (NBSK),CN,NBSK,spot,CNY,tonne,W,2026-08-28,2026-W35,4820.0,4780.0,4850.0,37.0,cny_wow,生意社/卓創資訊,https://www.100ppi.com/vane/detail-1053.html,high,金九銀十備貨啟動，針葉漿現貨築底反彈
CN_BHKP_SPOT_CNY,中國進口闊葉漿現貨均價 (BHKP),CN,BHKP,spot,CNY,tonne,W,2026-08-28,2026-W35,4365.0,4320.0,4400.0,15.0,cny_wow,生意社/卓創資訊,https://www.100ppi.com/vane/detail-1053.html,high,Suzano出貨平穩，下游文化紙開工率回升67%
SHFE_SP_SETTLE,上期所漂針漿期貨主力結算價,CN,NBSK_FUTURES,futures_settle,CNY,tonne,D,2026-08-28,2026-08-28,4748.0,,,18.0,cny_dod,上期所,https://www.shfe.com.cn/,high,期現基差收斂至+72元，投機空單持續離場
SPREAD_BSKP_BHKP,長短纖現貨價差(針葉-闊葉),CN,PULP_SPREAD,spread,CNY,tonne,W,2026-08-28,2026-W35,455.0,,,22.0,cny_wow,Paperluz計算,https://paperluz.internal/data,high,價差擴至455元/噸，長纖走強短纖跟進
SPREAD_LINER_OCC,美國箱板紙與OCC原料價差,US,PAPER_SPREAD,spread,USD,short_ton,M,2026-08-28,2026-08,810.0,,,90.0,usd_mom,Packaging Dive/Fastmarkets,https://www.packagingdive.com/,high,9/1全面調價前夕原料利差突破800美元創歷史新高
FASTMARKETS_US_OCC,美國 11 號廢紙 (OCC) 出口美西 FAS,US,OCC,EXPORT_FAS,USD,美元/短噸,W,2026-08-28,2026-W35,134.0,132.0,136.0,2.0,usd_wow,Fastmarkets RISI,https://www.fastmarkets.com/,high,亞洲紙廠按需補庫，美廢出口報價溫和走堅
US_OCC11_EXP_NYNJ,美國11號OCC出口價紐約紐澤西FAS,US,OCC,export_fas,USD,short_ton,W,2026-08-28,2026-08-28,136.0,134.0,138.0,2.5,usd_wow,Fastmarkets,https://www.fastmarkets.com/,high,東岸海運出口平穩
GLOBAL_ICE_BRENT,倫敦布蘭特原油期貨 (Brent Crude),GLOBAL,CRUDE_OIL,futures_close,USD,barrel,D,2026-08-28,2026-08-28,94.10,,,0.30,usd_dod,ICE,https://www.theice.com/,high,美國全面封鎖伊朗持續支撐油價於94美元高檔
GLOBAL_NYMEX_WTI,紐約輕原油期貨 (WTI Crude),GLOBAL,CRUDE_OIL,futures_close,USD,barrel,D,2026-08-28,2026-08-28,86.40,,,1.09,usd_dod,NYMEX,https://www.cmegroup.com/,high,北美石化淋膜PE與包裝膠帶原料成本受推升
SCFI_INDEX,上海出口集裝箱運價指數 (SCFI 綜合),CN,FREIGHT_CONTAINER,index,USD,point,W,2026-08-28,2026-W35,3398.50,,,43.26,pt_wow,上海航運交易所,https://www.sse.net.cn/,high,美西線$6550/FEU、美東線$9350/FEU堅挺高位
GLOBAL_BALTIC_BDI,波羅的海乾散貨指數 (BDI 綜合),GLOBAL,FREIGHT_BULK,index,USD,point,D,2026-08-28,2026-08-28,1810.0,,,25.0,pt_dod,波羅的海交易所,https://www.balticexchange.com/,high,散裝木片船與大宗紙漿海運費高檔持穩
TW_OCC_MILL_TWD,台灣廢紙紙廠到廠價,TW,OCC,mill_gate,TWD,tonne,W,2026-08-28,2026-W35,4200.0,,,0.0,twd_wow,造紙公會/廠區詢價,https://paperluz.internal/data,high,台灣廢紙到廠價穩定在NT$4200/噸
TW_TPC_COAL_COST,台灣造紙汽電共生每噸蒸氣成本,TW,ENERGY_STEAM,estimated_cost,TWD,tonne,M,2026-08-28,2026-08,740.0,710.0,760.0,-10.0,twd_mom,台電/造紙公會,https://www.taipower.com.tw/,high,生質能(SRF)替代率超45%，成本維持優勢
USDTWD,美元兌新台幣銀行間收盤匯率,TW,FX,fx_close,TWD,USD,D,2026-08-28,2026-08-28,32.180,,,-0.07,twd_升值,中央銀行,https://www.cbc.gov.tw/,high,台幣維持微升走勢有利進口纖維採購
REG_EU_PPWR,歐盟包裝與包裝廢棄物法規正式實施,EU,REGULATION,countdown,DAY,days,D,2026-08-28,2026-08-28,16.0,,,7.0,days_active,EUR-Lex,https://eur-lex.europa.eu/,high,歐盟PPWR強制實施第16天，PFAS稽核嚴格執行
REG_EU_EUDR,歐盟EUDR森林砍伐法規生效倒數,EU,REGULATION,countdown,DAY,days,D,2026-08-28,2026-12-30,124.0,,,-7.0,days_left,European Commission,https://ec.europa.eu/,high,EUDR強制執行倒數124天，DDS盡職調查加速
